,field_size,block_size,time_traversal,time_block_based_traversal,remark
0,"(600, 600)","(100, 100)",1.340062857,0.003015041,
1,"(600, 600)","(200, 200)",1.317174196,0.001000643,Partial wrong
2,"(600, 600)","(400, 400)",1.277063847,0,Total wrong
3,"(1200, 1200)","(100, 100)",4.883178949,0.033005238,
4,"(1200, 1200)","(200, 200)",4.896166563,0.011016846,
5,"(1200, 1200)","(400, 400)",4.866699219,0.002996683,Partial wrong
6,"(2400, 2400)","(100, 100)",19.13868618,0.337120771,
7,"(2400, 2400)","(200, 200)",19.01528955,0.125027657,
8,"(2400, 2400)","(400, 400)",19.14657402,0.041997194,
